{
  "mappings": {
    "net/aaron/gamma_shifter/mixin/GameOptionsMixin": {
      "load": "Lnet/minecraft/class_315;method_1636()V",
      "write": "Lnet/minecraft/class_315;method_1640()V"
    },
    "net/aaron/gamma_shifter/mixin/InGameHudMixin": {
      "render": "Lnet/minecraft/class_329;method_1753(Lnet/minecraft/class_332;F)V"
    },
    "net/aaron/gamma_shifter/mixin/MinecraftClientMixin": {
      "disconnect(Lnet/minecraft/client/gui/screen/Screen;)V": "Lnet/minecraft/class_310;method_18096(Lnet/minecraft/class_437;)V",
      "setScreen": "Lnet/minecraft/class_310;method_1507(Lnet/minecraft/class_437;)V",
      "stop": "Lnet/minecraft/class_310;method_1490()V"
    },
    "net/aaron/gamma_shifter/mixin/PlayerEntityMixin": {
      "wakeUp(ZZ)V": "Lnet/minecraft/class_1657;method_7358(ZZ)V"
    },
    "net/aaron/gamma_shifter/mixin/SimpleOptionMixin": {
      "getCodec": "Lnet/minecraft/class_7172;method_42404()Lcom/mojang/serialization/Codec;"
    },
    "net/aaron/gamma_shifter/mixin/SimpleOptionMixin$DoubleSliderCallbacksMixin": {
      "validate(Ljava/lang/Double;)Ljava/util/Optional;": "Lnet/minecraft/class_7172$class_7177;method_41770(Ljava/lang/Double;)Ljava/util/Optional;"
    }
  },
  "data": {
    "named:intermediary": {
      "net/aaron/gamma_shifter/mixin/GameOptionsMixin": {
        "load": "Lnet/minecraft/class_315;method_1636()V",
        "write": "Lnet/minecraft/class_315;method_1640()V"
      },
      "net/aaron/gamma_shifter/mixin/InGameHudMixin": {
        "render": "Lnet/minecraft/class_329;method_1753(Lnet/minecraft/class_332;F)V"
      },
      "net/aaron/gamma_shifter/mixin/MinecraftClientMixin": {
        "disconnect(Lnet/minecraft/client/gui/screen/Screen;)V": "Lnet/minecraft/class_310;method_18096(Lnet/minecraft/class_437;)V",
        "setScreen": "Lnet/minecraft/class_310;method_1507(Lnet/minecraft/class_437;)V",
        "stop": "Lnet/minecraft/class_310;method_1490()V"
      },
      "net/aaron/gamma_shifter/mixin/PlayerEntityMixin": {
        "wakeUp(ZZ)V": "Lnet/minecraft/class_1657;method_7358(ZZ)V"
      },
      "net/aaron/gamma_shifter/mixin/SimpleOptionMixin": {
        "getCodec": "Lnet/minecraft/class_7172;method_42404()Lcom/mojang/serialization/Codec;"
      },
      "net/aaron/gamma_shifter/mixin/SimpleOptionMixin$DoubleSliderCallbacksMixin": {
        "validate(Ljava/lang/Double;)Ljava/util/Optional;": "Lnet/minecraft/class_7172$class_7177;method_41770(Ljava/lang/Double;)Ljava/util/Optional;"
      }
    }
  }
}